<annotation>
	<folder>www.google.com</folder>
	<filename>102.jpg</filename>
	<path>/home/halocaridina/Downloads/www.google.com/102.jpg</path>
	<source>
		<database>Unknown</database>
	</source>
	<size>
		<width>1000</width>
		<height>632</height>
		<depth>3</depth>
	</size>
	<segmented>0</segmented>
	<object>
		<name>grass</name>
		<pose>Unspecified</pose>
		<truncated>1</truncated>
		<difficult>0</difficult>
		<bndbox>
			<xmin>294</xmin>
			<ymin>338</ymin>
			<xmax>714</xmax>
			<ymax>632</ymax>
		</bndbox>
	</object>
</annotation>
