<annotation>
	<folder>www.google.com</folder>
	<filename>11.jpg</filename>
	<path>/home/halocaridina/Downloads/www.google.com/11.jpg</path>
	<source>
		<database>Unknown</database>
	</source>
	<size>
		<width>1000</width>
		<height>667</height>
		<depth>3</depth>
	</size>
	<segmented>0</segmented>
	<object>
		<name>grass</name>
		<pose>Unspecified</pose>
		<truncated>1</truncated>
		<difficult>0</difficult>
		<bndbox>
			<xmin>474</xmin>
			<ymin>100</ymin>
			<xmax>1000</xmax>
			<ymax>667</ymax>
		</bndbox>
	</object>
</annotation>
