<annotation>
	<folder>www.google.com</folder>
	<filename>111.jpg</filename>
	<path>/home/halocaridina/Downloads/www.google.com/111.jpg</path>
	<source>
		<database>Unknown</database>
	</source>
	<size>
		<width>100</width>
		<height>100</height>
		<depth>3</depth>
	</size>
	<segmented>0</segmented>
	<object>
		<name>grass</name>
		<pose>Unspecified</pose>
		<truncated>1</truncated>
		<difficult>0</difficult>
		<bndbox>
			<xmin>1</xmin>
			<ymin>42</ymin>
			<xmax>100</xmax>
			<ymax>99</ymax>
		</bndbox>
	</object>
</annotation>
