<annotation>
	<folder>www.google.com</folder>
	<filename>1111.jpg</filename>
	<path>/home/halocaridina/Downloads/www.google.com/1111.jpg</path>
	<source>
		<database>Unknown</database>
	</source>
	<size>
		<width>382</width>
		<height>132</height>
		<depth>3</depth>
	</size>
	<segmented>0</segmented>
	<object>
		<name>grass</name>
		<pose>Unspecified</pose>
		<truncated>0</truncated>
		<difficult>0</difficult>
		<bndbox>
			<xmin>38</xmin>
			<ymin>75</ymin>
			<xmax>345</xmax>
			<ymax>126</ymax>
		</bndbox>
	</object>
</annotation>
