<annotation>
	<folder>www.google.com</folder>
	<filename>113.jpg</filename>
	<path>/home/halocaridina/Downloads/www.google.com/113.jpg</path>
	<source>
		<database>Unknown</database>
	</source>
	<size>
		<width>292</width>
		<height>173</height>
		<depth>3</depth>
	</size>
	<segmented>0</segmented>
	<object>
		<name>grass</name>
		<pose>Unspecified</pose>
		<truncated>1</truncated>
		<difficult>0</difficult>
		<bndbox>
			<xmin>1</xmin>
			<ymin>2</ymin>
			<xmax>292</xmax>
			<ymax>173</ymax>
		</bndbox>
	</object>
</annotation>
