<annotation>
	<folder>www.google.com</folder>
	<filename>118.jpg</filename>
	<path>/home/halocaridina/Downloads/www.google.com/118.jpg</path>
	<source>
		<database>Unknown</database>
	</source>
	<size>
		<width>311</width>
		<height>162</height>
		<depth>3</depth>
	</size>
	<segmented>0</segmented>
	<object>
		<name>grass</name>
		<pose>Unspecified</pose>
		<truncated>0</truncated>
		<difficult>0</difficult>
		<bndbox>
			<xmin>2</xmin>
			<ymin>64</ymin>
			<xmax>310</xmax>
			<ymax>161</ymax>
		</bndbox>
	</object>
</annotation>
