<annotation>
	<folder>www.google.com</folder>
	<filename>20.jpg</filename>
	<path>/home/halocaridina/Downloads/www.google.com/20.jpg</path>
	<source>
		<database>Unknown</database>
	</source>
	<size>
		<width>800</width>
		<height>600</height>
		<depth>3</depth>
	</size>
	<segmented>0</segmented>
	<object>
		<name>grass</name>
		<pose>Unspecified</pose>
		<truncated>0</truncated>
		<difficult>0</difficult>
		<bndbox>
			<xmin>4</xmin>
			<ymin>285</ymin>
			<xmax>795</xmax>
			<ymax>563</ymax>
		</bndbox>
	</object>
</annotation>
