<annotation>
	<folder>www.google.com</folder>
	<filename>24.jpg</filename>
	<path>/home/halocaridina/Downloads/www.google.com/24.jpg</path>
	<source>
		<database>Unknown</database>
	</source>
	<size>
		<width>800</width>
		<height>600</height>
		<depth>3</depth>
	</size>
	<segmented>0</segmented>
	<object>
		<name>grass</name>
		<pose>Unspecified</pose>
		<truncated>1</truncated>
		<difficult>0</difficult>
		<bndbox>
			<xmin>1</xmin>
			<ymin>311</ymin>
			<xmax>596</xmax>
			<ymax>599</ymax>
		</bndbox>
	</object>
</annotation>
