<annotation>
	<folder>www.google.com</folder>
	<filename>26.jpg</filename>
	<path>/home/halocaridina/Downloads/www.google.com/26.jpg</path>
	<source>
		<database>Unknown</database>
	</source>
	<size>
		<width>3250</width>
		<height>2192</height>
		<depth>3</depth>
	</size>
	<segmented>0</segmented>
	<object>
		<name>grass</name>
		<pose>Unspecified</pose>
		<truncated>0</truncated>
		<difficult>0</difficult>
		<bndbox>
			<xmin>37</xmin>
			<ymin>1137</ymin>
			<xmax>1930</xmax>
			<ymax>2158</ymax>
		</bndbox>
	</object>
</annotation>
