<annotation>
	<folder>www.google.com</folder>
	<filename>3.jpg</filename>
	<path>/home/halocaridina/Downloads/www.google.com/3.jpg</path>
	<source>
		<database>Unknown</database>
	</source>
	<size>
		<width>1000</width>
		<height>667</height>
		<depth>3</depth>
	</size>
	<segmented>0</segmented>
	<object>
		<name>grass</name>
		<pose>Unspecified</pose>
		<truncated>0</truncated>
		<difficult>0</difficult>
		<bndbox>
			<xmin>292</xmin>
			<ymin>173</ymin>
			<xmax>292</xmax>
			<ymax>173</ymax>
		</bndbox>
	</object>
	<object>
		<name>grass</name>
		<pose>Unspecified</pose>
		<truncated>1</truncated>
		<difficult>0</difficult>
		<bndbox>
			<xmin>367</xmin>
			<ymin>69</ymin>
			<xmax>1000</xmax>
			<ymax>665</ymax>
		</bndbox>
	</object>
</annotation>
