<annotation>
	<folder>www.google.com</folder>
	<filename>35.jpg</filename>
	<path>/home/halocaridina/Downloads/www.google.com/35.jpg</path>
	<source>
		<database>Unknown</database>
	</source>
	<size>
		<width>924</width>
		<height>615</height>
		<depth>3</depth>
	</size>
	<segmented>0</segmented>
	<object>
		<name>grass</name>
		<pose>Unspecified</pose>
		<truncated>1</truncated>
		<difficult>0</difficult>
		<bndbox>
			<xmin>1</xmin>
			<ymin>3</ymin>
			<xmax>924</xmax>
			<ymax>615</ymax>
		</bndbox>
	</object>
</annotation>
