<annotation>
	<folder>www.google.com</folder>
	<filename>36.jpg</filename>
	<path>/home/halocaridina/Downloads/www.google.com/36.jpg</path>
	<source>
		<database>Unknown</database>
	</source>
	<size>
		<width>480</width>
		<height>360</height>
		<depth>3</depth>
	</size>
	<segmented>0</segmented>
	<object>
		<name>grass</name>
		<pose>Unspecified</pose>
		<truncated>1</truncated>
		<difficult>0</difficult>
		<bndbox>
			<xmin>1</xmin>
			<ymin>187</ymin>
			<xmax>480</xmax>
			<ymax>314</ymax>
		</bndbox>
	</object>
</annotation>
