<annotation>
	<folder>www.google.com</folder>
	<filename>39.jpg</filename>
	<path>/home/halocaridina/Downloads/www.google.com/39.jpg</path>
	<source>
		<database>Unknown</database>
	</source>
	<size>
		<width>300</width>
		<height>168</height>
		<depth>3</depth>
	</size>
	<segmented>0</segmented>
	<object>
		<name>grass</name>
		<pose>Unspecified</pose>
		<truncated>1</truncated>
		<difficult>0</difficult>
		<bndbox>
			<xmin>1</xmin>
			<ymin>52</ymin>
			<xmax>300</xmax>
			<ymax>168</ymax>
		</bndbox>
	</object>
</annotation>
