<annotation>
	<folder>www.google.com</folder>
	<filename>40.jpg</filename>
	<path>/home/halocaridina/Downloads/www.google.com/40.jpg</path>
	<source>
		<database>Unknown</database>
	</source>
	<size>
		<width>275</width>
		<height>183</height>
		<depth>3</depth>
	</size>
	<segmented>0</segmented>
	<object>
		<name>grass</name>
		<pose>Unspecified</pose>
		<truncated>1</truncated>
		<difficult>0</difficult>
		<bndbox>
			<xmin>1</xmin>
			<ymin>85</ymin>
			<xmax>275</xmax>
			<ymax>158</ymax>
		</bndbox>
	</object>
</annotation>
