<annotation>
	<folder>www.google.com</folder>
	<filename>41.jpg</filename>
	<path>/home/halocaridina/Downloads/www.google.com/41.jpg</path>
	<source>
		<database>Unknown</database>
	</source>
	<size>
		<width>228</width>
		<height>221</height>
		<depth>3</depth>
	</size>
	<segmented>0</segmented>
	<object>
		<name>grass</name>
		<pose>Unspecified</pose>
		<truncated>1</truncated>
		<difficult>0</difficult>
		<bndbox>
			<xmin>2</xmin>
			<ymin>101</ymin>
			<xmax>228</xmax>
			<ymax>169</ymax>
		</bndbox>
	</object>
</annotation>
