<annotation>
	<folder>www.google.com</folder>
	<filename>43.jpg</filename>
	<path>/home/halocaridina/Downloads/www.google.com/43.jpg</path>
	<source>
		<database>Unknown</database>
	</source>
	<size>
		<width>283</width>
		<height>178</height>
		<depth>3</depth>
	</size>
	<segmented>0</segmented>
	<object>
		<name>grass</name>
		<pose>Unspecified</pose>
		<truncated>1</truncated>
		<difficult>0</difficult>
		<bndbox>
			<xmin>2</xmin>
			<ymin>50</ymin>
			<xmax>283</xmax>
			<ymax>178</ymax>
		</bndbox>
	</object>
</annotation>
