<annotation>
	<folder>www.google.com</folder>
	<filename>47.jpg</filename>
	<path>/home/halocaridina/Downloads/www.google.com/47.jpg</path>
	<source>
		<database>Unknown</database>
	</source>
	<size>
		<width>3120</width>
		<height>1755</height>
		<depth>3</depth>
	</size>
	<segmented>0</segmented>
	<object>
		<name>grass</name>
		<pose>Unspecified</pose>
		<truncated>1</truncated>
		<difficult>0</difficult>
		<bndbox>
			<xmin>12</xmin>
			<ymin>8</ymin>
			<xmax>2123</xmax>
			<ymax>1755</ymax>
		</bndbox>
	</object>
</annotation>
