<annotation>
	<folder>www.google.com</folder>
	<filename>48.jpg</filename>
	<path>/home/halocaridina/Downloads/www.google.com/48.jpg</path>
	<source>
		<database>Unknown</database>
	</source>
	<size>
		<width>500</width>
		<height>385</height>
		<depth>3</depth>
	</size>
	<segmented>0</segmented>
	<object>
		<name>grass</name>
		<pose>Unspecified</pose>
		<truncated>0</truncated>
		<difficult>0</difficult>
		<bndbox>
			<xmin>13</xmin>
			<ymin>186</ymin>
			<xmax>485</xmax>
			<ymax>366</ymax>
		</bndbox>
	</object>
</annotation>
