<annotation>
	<folder>www.google.com</folder>
	<filename>51.jpg</filename>
	<path>/home/halocaridina/Downloads/www.google.com/51.jpg</path>
	<source>
		<database>Unknown</database>
	</source>
	<size>
		<width>1280</width>
		<height>720</height>
		<depth>3</depth>
	</size>
	<segmented>0</segmented>
	<object>
		<name>grass</name>
		<pose>Unspecified</pose>
		<truncated>0</truncated>
		<difficult>0</difficult>
		<bndbox>
			<xmin>6</xmin>
			<ymin>293</ymin>
			<xmax>1273</xmax>
			<ymax>695</ymax>
		</bndbox>
	</object>
</annotation>
