<annotation>
	<folder>www.google.com</folder>
	<filename>59.jpg</filename>
	<path>/home/halocaridina/Downloads/www.google.com/59.jpg</path>
	<source>
		<database>Unknown</database>
	</source>
	<size>
		<width>1706</width>
		<height>1125</height>
		<depth>3</depth>
	</size>
	<segmented>0</segmented>
	<object>
		<name>grass</name>
		<pose>Unspecified</pose>
		<truncated>1</truncated>
		<difficult>0</difficult>
		<bndbox>
			<xmin>3</xmin>
			<ymin>1</ymin>
			<xmax>1705</xmax>
			<ymax>1125</ymax>
		</bndbox>
	</object>
</annotation>
