<annotation>
	<folder>www.google.com</folder>
	<filename>65.jpg</filename>
	<path>/home/halocaridina/Downloads/www.google.com/65.jpg</path>
	<source>
		<database>Unknown</database>
	</source>
	<size>
		<width>3000</width>
		<height>1996</height>
		<depth>3</depth>
	</size>
	<segmented>0</segmented>
	<object>
		<name>grass</name>
		<pose>Unspecified</pose>
		<truncated>1</truncated>
		<difficult>0</difficult>
		<bndbox>
			<xmin>2224</xmin>
			<ymin>1</ymin>
			<xmax>3000</xmax>
			<ymax>1996</ymax>
		</bndbox>
	</object>
</annotation>
