<annotation>
	<folder>www.google.com</folder>
	<filename>66.jpg</filename>
	<path>/home/halocaridina/Downloads/www.google.com/66.jpg</path>
	<source>
		<database>Unknown</database>
	</source>
	<size>
		<width>2048</width>
		<height>1215</height>
		<depth>3</depth>
	</size>
	<segmented>0</segmented>
	<object>
		<name>grass</name>
		<pose>Unspecified</pose>
		<truncated>1</truncated>
		<difficult>0</difficult>
		<bndbox>
			<xmin>1</xmin>
			<ymin>482</ymin>
			<xmax>2048</xmax>
			<ymax>1215</ymax>
		</bndbox>
	</object>
</annotation>
