<annotation>
	<folder>www.google.com</folder>
	<filename>7.jpg</filename>
	<path>/home/halocaridina/Downloads/www.google.com/7.jpg</path>
	<source>
		<database>Unknown</database>
	</source>
	<size>
		<width>5312</width>
		<height>2988</height>
		<depth>3</depth>
	</size>
	<segmented>0</segmented>
	<object>
		<name>grass</name>
		<pose>Unspecified</pose>
		<truncated>0</truncated>
		<difficult>0</difficult>
		<bndbox>
			<xmin>258</xmin>
			<ymin>56</ymin>
			<xmax>258</xmax>
			<ymax>195</ymax>
		</bndbox>
	</object>
	<object>
		<name>grass</name>
		<pose>Unspecified</pose>
		<truncated>1</truncated>
		<difficult>0</difficult>
		<bndbox>
			<xmin>1</xmin>
			<ymin>1242</ymin>
			<xmax>3539</xmax>
			<ymax>2631</ymax>
		</bndbox>
	</object>
</annotation>
