<annotation>
	<folder>www.google.com</folder>
	<filename>75.jpg</filename>
	<path>/home/halocaridina/Downloads/www.google.com/75.jpg</path>
	<source>
		<database>Unknown</database>
	</source>
	<size>
		<width>1680</width>
		<height>1050</height>
		<depth>3</depth>
	</size>
	<segmented>0</segmented>
	<object>
		<name>grass</name>
		<pose>Unspecified</pose>
		<truncated>1</truncated>
		<difficult>0</difficult>
		<bndbox>
			<xmin>1</xmin>
			<ymin>456</ymin>
			<xmax>1680</xmax>
			<ymax>1050</ymax>
		</bndbox>
	</object>
</annotation>
