<annotation>
	<folder>www.google.com</folder>
	<filename>76.jpg</filename>
	<path>/home/halocaridina/Downloads/www.google.com/76.jpg</path>
	<source>
		<database>Unknown</database>
	</source>
	<size>
		<width>2592</width>
		<height>1944</height>
		<depth>3</depth>
	</size>
	<segmented>0</segmented>
	<object>
		<name>grass</name>
		<pose>Unspecified</pose>
		<truncated>1</truncated>
		<difficult>0</difficult>
		<bndbox>
			<xmin>9</xmin>
			<ymin>551</ymin>
			<xmax>2592</xmax>
			<ymax>1937</ymax>
		</bndbox>
	</object>
</annotation>
