<annotation>
	<folder>www.google.com</folder>
	<filename>87.jpg</filename>
	<path>/home/halocaridina/Downloads/www.google.com/87.jpg</path>
	<source>
		<database>Unknown</database>
	</source>
	<size>
		<width>1024</width>
		<height>576</height>
		<depth>3</depth>
	</size>
	<segmented>0</segmented>
	<object>
		<name>grass</name>
		<pose>Unspecified</pose>
		<truncated>1</truncated>
		<difficult>0</difficult>
		<bndbox>
			<xmin>4</xmin>
			<ymin>215</ymin>
			<xmax>1024</xmax>
			<ymax>576</ymax>
		</bndbox>
	</object>
</annotation>
