<annotation>
	<folder>www.google.com</folder>
	<filename>92.jpg</filename>
	<path>/home/halocaridina/Downloads/www.google.com/92.jpg</path>
	<source>
		<database>Unknown</database>
	</source>
	<size>
		<width>1400</width>
		<height>1400</height>
		<depth>3</depth>
	</size>
	<segmented>0</segmented>
	<object>
		<name>grass</name>
		<pose>Unspecified</pose>
		<truncated>1</truncated>
		<difficult>0</difficult>
		<bndbox>
			<xmin>343</xmin>
			<ymin>475</ymin>
			<xmax>1400</xmax>
			<ymax>1400</ymax>
		</bndbox>
	</object>
</annotation>
