<annotation>
	<folder>www.google.com</folder>
	<filename>96.jpg</filename>
	<path>/home/halocaridina/Downloads/www.google.com/96.jpg</path>
	<source>
		<database>Unknown</database>
	</source>
	<size>
		<width>1920</width>
		<height>1440</height>
		<depth>3</depth>
	</size>
	<segmented>0</segmented>
	<object>
		<name>grass</name>
		<pose>Unspecified</pose>
		<truncated>1</truncated>
		<difficult>0</difficult>
		<bndbox>
			<xmin>13</xmin>
			<ymin>274</ymin>
			<xmax>1920</xmax>
			<ymax>1434</ymax>
		</bndbox>
	</object>
</annotation>
