<annotation>
	<folder>www.google.com</folder>
	<filename>98.jpg</filename>
	<path>/home/halocaridina/Downloads/www.google.com/98.jpg</path>
	<source>
		<database>Unknown</database>
	</source>
	<size>
		<width>540</width>
		<height>540</height>
		<depth>3</depth>
	</size>
	<segmented>0</segmented>
	<object>
		<name>grass</name>
		<pose>Unspecified</pose>
		<truncated>1</truncated>
		<difficult>0</difficult>
		<bndbox>
			<xmin>1</xmin>
			<ymin>5</ymin>
			<xmax>540</xmax>
			<ymax>540</ymax>
		</bndbox>
	</object>
</annotation>
