<annotation>
	<folder>train</folder>
	<filename>100.jpg</filename>
	<path>/home/halocaridina/Portal/pi/ml/train/100.jpg</path>
	<source>
		<database>Unknown</database>
	</source>
	<size>
		<width>2500</width>
		<height>1667</height>
		<depth>3</depth>
	</size>
	<segmented>0</segmented>
	<object>
		<name>grass</name>
		<pose>Unspecified</pose>
		<truncated>1</truncated>
		<difficult>0</difficult>
		<bndbox>
			<xmin>1</xmin>
			<ymin>895</ymin>
			<xmax>2500</xmax>
			<ymax>1667</ymax>
		</bndbox>
	</object>
</annotation>
