<annotation>
	<folder>www.google.com</folder>
	<filename>16.jpg</filename>
	<path>/home/halocaridina/Downloads/www.google.com/16.jpg</path>
	<source>
		<database>Unknown</database>
	</source>
	<size>
		<width>1440</width>
		<height>1080</height>
		<depth>3</depth>
	</size>
	<segmented>0</segmented>
	<object>
		<name>grass</name>
		<pose>Unspecified</pose>
		<truncated>1</truncated>
		<difficult>0</difficult>
		<bndbox>
			<xmin>1</xmin>
			<ymin>1</ymin>
			<xmax>1440</xmax>
			<ymax>1080</ymax>
		</bndbox>
	</object>
</annotation>
