<annotation>
	<folder>train</folder>
	<filename>26.jpg</filename>
	<path>/home/halocaridina/Portal/pi/ml/train/26.jpg</path>
	<source>
		<database>Unknown</database>
	</source>
	<size>
		<width>3250</width>
		<height>2192</height>
		<depth>3</depth>
	</size>
	<segmented>0</segmented>
	<object>
		<name>grass</name>
		<pose>Unspecified</pose>
		<truncated>1</truncated>
		<difficult>0</difficult>
		<bndbox>
			<xmin>1</xmin>
			<ymin>1570</ymin>
			<xmax>2197</xmax>
			<ymax>2192</ymax>
		</bndbox>
	</object>
</annotation>
