<annotation>
	<folder>train</folder>
	<filename>31.jpg</filename>
	<path>/home/halocaridina/Portal/pi/ml/train/31.jpg</path>
	<source>
		<database>Unknown</database>
	</source>
	<size>
		<width>1000</width>
		<height>667</height>
		<depth>3</depth>
	</size>
	<segmented>0</segmented>
	<object>
		<name>grass</name>
		<pose>Unspecified</pose>
		<truncated>1</truncated>
		<difficult>0</difficult>
		<bndbox>
			<xmin>1</xmin>
			<ymin>338</ymin>
			<xmax>1000</xmax>
			<ymax>572</ymax>
		</bndbox>
	</object>
</annotation>
