<annotation>
	<folder>train</folder>
	<filename>34.jpg</filename>
	<path>/home/halocaridina/Portal/pi/ml/train/34.jpg</path>
	<source>
		<database>Unknown</database>
	</source>
	<size>
		<width>1280</width>
		<height>847</height>
		<depth>3</depth>
	</size>
	<segmented>0</segmented>
	<object>
		<name>grass</name>
		<pose>Unspecified</pose>
		<truncated>1</truncated>
		<difficult>0</difficult>
		<bndbox>
			<xmin>1</xmin>
			<ymin>517</ymin>
			<xmax>1280</xmax>
			<ymax>847</ymax>
		</bndbox>
	</object>
</annotation>
