<annotation>
	<folder>train</folder>
	<filename>49.jpg</filename>
	<path>/home/halocaridina/Portal/pi/ml/train/49.jpg</path>
	<source>
		<database>Unknown</database>
	</source>
	<size>
		<width>1800</width>
		<height>1200</height>
		<depth>3</depth>
	</size>
	<segmented>0</segmented>
	<object>
		<name>grass</name>
		<pose>Unspecified</pose>
		<truncated>1</truncated>
		<difficult>0</difficult>
		<bndbox>
			<xmin>1</xmin>
			<ymin>518</ymin>
			<xmax>1800</xmax>
			<ymax>1200</ymax>
		</bndbox>
	</object>
</annotation>
