<annotation>
	<folder>train</folder>
	<filename>56.jpg</filename>
	<path>/home/halocaridina/Portal/pi/ml/train/56.jpg</path>
	<source>
		<database>Unknown</database>
	</source>
	<size>
		<width>2256</width>
		<height>1504</height>
		<depth>3</depth>
	</size>
	<segmented>0</segmented>
	<object>
		<name>grass</name>
		<pose>Unspecified</pose>
		<truncated>1</truncated>
		<difficult>0</difficult>
		<bndbox>
			<xmin>6</xmin>
			<ymin>1112</ymin>
			<xmax>2256</xmax>
			<ymax>1504</ymax>
		</bndbox>
	</object>
</annotation>
