<annotation>
	<folder>train</folder>
	<filename>58.jpg</filename>
	<path>/home/halocaridina/Portal/pi/ml/train/58.jpg</path>
	<source>
		<database>Unknown</database>
	</source>
	<size>
		<width>1200</width>
		<height>1200</height>
		<depth>3</depth>
	</size>
	<segmented>0</segmented>
	<object>
		<name>grass</name>
		<pose>Unspecified</pose>
		<truncated>1</truncated>
		<difficult>0</difficult>
		<bndbox>
			<xmin>1</xmin>
			<ymin>314</ymin>
			<xmax>878</xmax>
			<ymax>969</ymax>
		</bndbox>
	</object>
</annotation>
