<annotation>
	<folder>www.google.com</folder>
	<filename>60.jpg</filename>
	<path>/home/halocaridina/Downloads/www.google.com/60.jpg</path>
	<source>
		<database>Unknown</database>
	</source>
	<size>
		<width>1600</width>
		<height>1200</height>
		<depth>3</depth>
	</size>
	<segmented>0</segmented>
	<object>
		<name>grass</name>
		<pose>Unspecified</pose>
		<truncated>1</truncated>
		<difficult>0</difficult>
		<bndbox>
			<xmin>3</xmin>
			<ymin>3</ymin>
			<xmax>1600</xmax>
			<ymax>1200</ymax>
		</bndbox>
	</object>
</annotation>
