<annotation>
	<folder>train</folder>
	<filename>7.jpg</filename>
	<path>/home/halocaridina/Portal/pi/ml/train/7.jpg</path>
	<source>
		<database>Unknown</database>
	</source>
	<size>
		<width>5312</width>
		<height>2988</height>
		<depth>3</depth>
	</size>
	<segmented>0</segmented>
	<object>
		<name>grass</name>
		<pose>Unspecified</pose>
		<truncated>0</truncated>
		<difficult>0</difficult>
		<bndbox>
			<xmin>9</xmin>
			<ymin>1412</ymin>
			<xmax>1716</xmax>
			<ymax>2472</ymax>
		</bndbox>
	</object>
</annotation>
