<annotation>
	<folder>www.google.com</folder>
	<filename>78.jpg</filename>
	<path>/home/halocaridina/Downloads/www.google.com/78.jpg</path>
	<source>
		<database>Unknown</database>
	</source>
	<size>
		<width>1620</width>
		<height>1080</height>
		<depth>3</depth>
	</size>
	<segmented>0</segmented>
	<object>
		<name>grass</name>
		<pose>Unspecified</pose>
		<truncated>0</truncated>
		<difficult>0</difficult>
		<bndbox>
			<xmin>5</xmin>
			<ymin>2</ymin>
			<xmax>1617</xmax>
			<ymax>1077</ymax>
		</bndbox>
	</object>
</annotation>
