<annotation>
	<folder>train</folder>
	<filename>82.jpg</filename>
	<path>/home/halocaridina/Portal/pi/ml/train/82.jpg</path>
	<source>
		<database>Unknown</database>
	</source>
	<size>
		<width>1360</width>
		<height>765</height>
		<depth>3</depth>
	</size>
	<segmented>0</segmented>
	<object>
		<name>grass</name>
		<pose>Unspecified</pose>
		<truncated>1</truncated>
		<difficult>0</difficult>
		<bndbox>
			<xmin>1</xmin>
			<ymin>431</ymin>
			<xmax>1360</xmax>
			<ymax>765</ymax>
		</bndbox>
	</object>
</annotation>
