<annotation>
	<folder>train</folder>
	<filename>83.jpg</filename>
	<path>/home/halocaridina/Portal/pi/ml/train/83.jpg</path>
	<source>
		<database>Unknown</database>
	</source>
	<size>
		<width>1605</width>
		<height>1070</height>
		<depth>3</depth>
	</size>
	<segmented>0</segmented>
	<object>
		<name>grass</name>
		<pose>Unspecified</pose>
		<truncated>1</truncated>
		<difficult>0</difficult>
		<bndbox>
			<xmin>1</xmin>
			<ymin>739</ymin>
			<xmax>1605</xmax>
			<ymax>1067</ymax>
		</bndbox>
	</object>
</annotation>
