<annotation>
	<folder>train</folder>
	<filename>85.jpg</filename>
	<path>/home/halocaridina/Portal/pi/ml/train/85.jpg</path>
	<source>
		<database>Unknown</database>
	</source>
	<size>
		<width>700</width>
		<height>467</height>
		<depth>3</depth>
	</size>
	<segmented>0</segmented>
	<object>
		<name>grass</name>
		<pose>Unspecified</pose>
		<truncated>1</truncated>
		<difficult>0</difficult>
		<bndbox>
			<xmin>1</xmin>
			<ymin>127</ymin>
			<xmax>700</xmax>
			<ymax>467</ymax>
		</bndbox>
	</object>
</annotation>
