<annotation>
	<folder>train</folder>
	<filename>9.jpg</filename>
	<path>/home/halocaridina/Portal/pi/ml/train/9.jpg</path>
	<source>
		<database>Unknown</database>
	</source>
	<size>
		<width>1205</width>
		<height>803</height>
		<depth>3</depth>
	</size>
	<segmented>0</segmented>
	<object>
		<name>grass</name>
		<pose>Unspecified</pose>
		<truncated>1</truncated>
		<difficult>0</difficult>
		<bndbox>
			<xmin>574</xmin>
			<ymin>357</ymin>
			<xmax>1205</xmax>
			<ymax>803</ymax>
		</bndbox>
	</object>
</annotation>
