<annotation>
	<folder>train</folder>
	<filename>99.jpg</filename>
	<path>/home/halocaridina/Portal/pi/ml/train/99.jpg</path>
	<source>
		<database>Unknown</database>
	</source>
	<size>
		<width>2121</width>
		<height>1414</height>
		<depth>3</depth>
	</size>
	<segmented>0</segmented>
	<object>
		<name>grass</name>
		<pose>Unspecified</pose>
		<truncated>1</truncated>
		<difficult>0</difficult>
		<bndbox>
			<xmin>1</xmin>
			<ymin>672</ymin>
			<xmax>2121</xmax>
			<ymax>1414</ymax>
		</bndbox>
	</object>
</annotation>
